[{"company":"General Electric","person":"Dianne Russell","email":"sara.cruz@example.com","phone":"(704) 555-0127","date":"March 23, 2013","location":"Lafayette, California","tag":"Completed","error":1},
    {"company":"eBay","person":"Louis Vuitton","email":"debra.holt@example.com","phone":"(302) 555-0107","date":"May 9  2014","location":"Pasadena, Oklahoma","tag":"Draft","error":1},
    {"company":"Louis Vuitton","person":"Jane Cooper","email":"nathan.roberts@example.com","phone":"(603) 555-0123","date":"December 19, 2013","location":"Kent, Utah","tag":"Placed","error":0},
    {"company":"IBM","person":"Arlene McCoy","email":"jackson.graham@example.com","phone":"(205) 555-0100","date":"April 28, 2016","location":"Great Falls, Maryland","tag":"Placed","error":0},
    {"company":"The Walt Disney Company","person":"Esther Howard","email":"tim.jennings#example.com","phone":"(303) 555-0105","date":"March 6, 2018","location":"Coppell, Virginia","tag":"completed","error":1},
    {"company":"Louis Vuitton","person":"Guy Hawkins","email":"bill.sanders@example.com","phone":"(308) 555-0121","date":"August 2, 2013","location":"Lansing, Illinois","tag":"completed","error":0}
    ]